category,role,original_id,split,provenance,note
screw,reference_fit,PROVISIONAL/screw/train/good/0147.png,train/good,PROVISIONAL_NO_DATA,placeholder ids; replace by re-running after MVTec AD download
screw,reference_fit,PROVISIONAL/screw/train/good/0018.png,train/good,PROVISIONAL_NO_DATA,placeholder ids; replace by re-running after MVTec AD download
screw,reference_fit,PROVISIONAL/screw/train/good/0230.png,train/good,PROVISIONAL_NO_DATA,placeholder ids; replace by re-running after MVTec AD download
screw,reference_fit,PROVISIONAL/screw/train/good/0310.png,train/good,PROVISIONAL_NO_DATA,placeholder ids; replace by re-running after MVTec AD download
screw,reference_fit,PROVISIONAL/screw/train/good/0203.png,train/good,PROVISIONAL_NO_DATA,placeholder ids; replace by re-running after MVTec AD download
screw,reference_fit,PROVISIONAL/screw/train/good/0247.png,train/good,PROVISIONAL_NO_DATA,placeholder ids; replace by re-running after MVTec AD download
screw,reference_fit,PROVISIONAL/screw/train/good/0159.png,train/good,PROVISIONAL_NO_DATA,placeholder ids; replace by re-running after MVTec AD download
screw,reference_fit,PROVISIONAL/screw/train/good/0219.png,train/good,PROVISIONAL_NO_DATA,placeholder ids; replace by re-running after MVTec AD download
screw,reference_fit,PROVISIONAL/screw/train/good/0093.png,train/good,PROVISIONAL_NO_DATA,placeholder ids; replace by re-running after MVTec AD download
screw,reference_fit,PROVISIONAL/screw/train/good/0117.png,train/good,PROVISIONAL_NO_DATA,placeholder ids; replace by re-running after MVTec AD download
screw,reference_fit,PROVISIONAL/screw/train/good/0005.png,train/good,PROVISIONAL_NO_DATA,placeholder ids; replace by re-running after MVTec AD download
screw,reference_fit,PROVISIONAL/screw/train/good/0252.png,train/good,PROVISIONAL_NO_DATA,placeholder ids; replace by re-running after MVTec AD download
screw,reference_fit,PROVISIONAL/screw/train/good/0045.png,train/good,PROVISIONAL_NO_DATA,placeholder ids; replace by re-running after MVTec AD download
screw,reference_fit,PROVISIONAL/screw/train/good/0233.png,train/good,PROVISIONAL_NO_DATA,placeholder ids; replace by re-running after MVTec AD download
screw,reference_fit,PROVISIONAL/screw/train/good/0070.png,train/good,PROVISIONAL_NO_DATA,placeholder ids; replace by re-running after MVTec AD download
screw,reference_fit,PROVISIONAL/screw/train/good/0168.png,train/good,PROVISIONAL_NO_DATA,placeholder ids; replace by re-running after MVTec AD download
screw,reference_fit,PROVISIONAL/screw/train/good/0234.png,train/good,PROVISIONAL_NO_DATA,placeholder ids; replace by re-running after MVTec AD download
screw,reference_fit,PROVISIONAL/screw/train/good/0031.png,train/good,PROVISIONAL_NO_DATA,placeholder ids; replace by re-running after MVTec AD download
screw,reference_fit,PROVISIONAL/screw/train/good/0281.png,train/good,PROVISIONAL_NO_DATA,placeholder ids; replace by re-running after MVTec AD download
screw,reference_fit,PROVISIONAL/screw/train/good/0161.png,train/good,PROVISIONAL_NO_DATA,placeholder ids; replace by re-running after MVTec AD download
screw,reference_fit,PROVISIONAL/screw/train/good/0223.png,train/good,PROVISIONAL_NO_DATA,placeholder ids; replace by re-running after MVTec AD download
screw,reference_fit,PROVISIONAL/screw/train/good/0000.png,train/good,PROVISIONAL_NO_DATA,placeholder ids; replace by re-running after MVTec AD download
screw,reference_fit,PROVISIONAL/screw/train/good/0162.png,train/good,PROVISIONAL_NO_DATA,placeholder ids; replace by re-running after MVTec AD download
screw,reference_fit,PROVISIONAL/screw/train/good/0063.png,train/good,PROVISIONAL_NO_DATA,placeholder ids; replace by re-running after MVTec AD download
screw,reference_fit,PROVISIONAL/screw/train/good/0189.png,train/good,PROVISIONAL_NO_DATA,placeholder ids; replace by re-running after MVTec AD download
screw,reference_fit,PROVISIONAL/screw/train/good/0284.png,train/good,PROVISIONAL_NO_DATA,placeholder ids; replace by re-running after MVTec AD download
screw,reference_fit,PROVISIONAL/screw/train/good/0036.png,train/good,PROVISIONAL_NO_DATA,placeholder ids; replace by re-running after MVTec AD download
screw,reference_fit,PROVISIONAL/screw/train/good/0309.png,train/good,PROVISIONAL_NO_DATA,placeholder ids; replace by re-running after MVTec AD download
screw,reference_fit,PROVISIONAL/screw/train/good/0124.png,train/good,PROVISIONAL_NO_DATA,placeholder ids; replace by re-running after MVTec AD download
screw,reference_fit,PROVISIONAL/screw/train/good/0148.png,train/good,PROVISIONAL_NO_DATA,placeholder ids; replace by re-running after MVTec AD download
screw,reference_fit,PROVISIONAL/screw/train/good/0071.png,train/good,PROVISIONAL_NO_DATA,placeholder ids; replace by re-running after MVTec AD download
screw,reference_fit,PROVISIONAL/screw/train/good/0121.png,train/good,PROVISIONAL_NO_DATA,placeholder ids; replace by re-running after MVTec AD download
screw,reference_fit,PROVISIONAL/screw/train/good/0044.png,train/good,PROVISIONAL_NO_DATA,placeholder ids; replace by re-running after MVTec AD download
screw,reference_fit,PROVISIONAL/screw/train/good/0111.png,train/good,PROVISIONAL_NO_DATA,placeholder ids; replace by re-running after MVTec AD download
screw,reference_fit,PROVISIONAL/screw/train/good/0116.png,train/good,PROVISIONAL_NO_DATA,placeholder ids; replace by re-running after MVTec AD download
screw,reference_fit,PROVISIONAL/screw/train/good/0205.png,train/good,PROVISIONAL_NO_DATA,placeholder ids; replace by re-running after MVTec AD download
screw,reference_fit,PROVISIONAL/screw/train/good/0301.png,train/good,PROVISIONAL_NO_DATA,placeholder ids; replace by re-running after MVTec AD download
screw,reference_fit,PROVISIONAL/screw/train/good/0167.png,train/good,PROVISIONAL_NO_DATA,placeholder ids; replace by re-running after MVTec AD download
screw,reference_fit,PROVISIONAL/screw/train/good/0280.png,train/good,PROVISIONAL_NO_DATA,placeholder ids; replace by re-running after MVTec AD download
screw,reference_fit,PROVISIONAL/screw/train/good/0084.png,train/good,PROVISIONAL_NO_DATA,placeholder ids; replace by re-running after MVTec AD download
screw,reference_fit,PROVISIONAL/screw/train/good/0149.png,train/good,PROVISIONAL_NO_DATA,placeholder ids; replace by re-running after MVTec AD download
screw,reference_fit,PROVISIONAL/screw/train/good/0197.png,train/good,PROVISIONAL_NO_DATA,placeholder ids; replace by re-running after MVTec AD download
screw,reference_fit,PROVISIONAL/screw/train/good/0305.png,train/good,PROVISIONAL_NO_DATA,placeholder ids; replace by re-running after MVTec AD download
screw,reference_fit,PROVISIONAL/screw/train/good/0208.png,train/good,PROVISIONAL_NO_DATA,placeholder ids; replace by re-running after MVTec AD download
screw,reference_fit,PROVISIONAL/screw/train/good/0257.png,train/good,PROVISIONAL_NO_DATA,placeholder ids; replace by re-running after MVTec AD download
screw,reference_fit,PROVISIONAL/screw/train/good/0133.png,train/good,PROVISIONAL_NO_DATA,placeholder ids; replace by re-running after MVTec AD download
screw,reference_fit,PROVISIONAL/screw/train/good/0302.png,train/good,PROVISIONAL_NO_DATA,placeholder ids; replace by re-running after MVTec AD download
screw,reference_fit,PROVISIONAL/screw/train/good/0047.png,train/good,PROVISIONAL_NO_DATA,placeholder ids; replace by re-running after MVTec AD download
screw,reference_fit,PROVISIONAL/screw/train/good/0010.png,train/good,PROVISIONAL_NO_DATA,placeholder ids; replace by re-running after MVTec AD download
screw,reference_fit,PROVISIONAL/screw/train/good/0075.png,train/good,PROVISIONAL_NO_DATA,placeholder ids; replace by re-running after MVTec AD download
screw,reference_fit,PROVISIONAL/screw/train/good/0144.png,train/good,PROVISIONAL_NO_DATA,placeholder ids; replace by re-running after MVTec AD download
screw,reference_fit,PROVISIONAL/screw/train/good/0229.png,train/good,PROVISIONAL_NO_DATA,placeholder ids; replace by re-running after MVTec AD download
screw,reference_fit,PROVISIONAL/screw/train/good/0041.png,train/good,PROVISIONAL_NO_DATA,placeholder ids; replace by re-running after MVTec AD download
screw,reference_fit,PROVISIONAL/screw/train/good/0090.png,train/good,PROVISIONAL_NO_DATA,placeholder ids; replace by re-running after MVTec AD download
screw,reference_fit,PROVISIONAL/screw/train/good/0150.png,train/good,PROVISIONAL_NO_DATA,placeholder ids; replace by re-running after MVTec AD download
screw,reference_fit,PROVISIONAL/screw/train/good/0295.png,train/good,PROVISIONAL_NO_DATA,placeholder ids; replace by re-running after MVTec AD download
screw,reference_fit,PROVISIONAL/screw/train/good/0291.png,train/good,PROVISIONAL_NO_DATA,placeholder ids; replace by re-running after MVTec AD download
screw,reference_fit,PROVISIONAL/screw/train/good/0279.png,train/good,PROVISIONAL_NO_DATA,placeholder ids; replace by re-running after MVTec AD download
screw,reference_fit,PROVISIONAL/screw/train/good/0033.png,train/good,PROVISIONAL_NO_DATA,placeholder ids; replace by re-running after MVTec AD download
screw,reference_fit,PROVISIONAL/screw/train/good/0039.png,train/good,PROVISIONAL_NO_DATA,placeholder ids; replace by re-running after MVTec AD download
screw,reference_fit,PROVISIONAL/screw/train/good/0098.png,train/good,PROVISIONAL_NO_DATA,placeholder ids; replace by re-running after MVTec AD download
screw,reference_fit,PROVISIONAL/screw/train/good/0318.png,train/good,PROVISIONAL_NO_DATA,placeholder ids; replace by re-running after MVTec AD download
screw,reference_fit,PROVISIONAL/screw/train/good/0145.png,train/good,PROVISIONAL_NO_DATA,placeholder ids; replace by re-running after MVTec AD download
screw,reference_fit,PROVISIONAL/screw/train/good/0174.png,train/good,PROVISIONAL_NO_DATA,placeholder ids; replace by re-running after MVTec AD download
screw,reference_fit,PROVISIONAL/screw/train/good/0083.png,train/good,PROVISIONAL_NO_DATA,placeholder ids; replace by re-running after MVTec AD download
screw,reference_fit,PROVISIONAL/screw/train/good/0216.png,train/good,PROVISIONAL_NO_DATA,placeholder ids; replace by re-running after MVTec AD download
screw,reference_fit,PROVISIONAL/screw/train/good/0017.png,train/good,PROVISIONAL_NO_DATA,placeholder ids; replace by re-running after MVTec AD download
screw,reference_fit,PROVISIONAL/screw/train/good/0232.png,train/good,PROVISIONAL_NO_DATA,placeholder ids; replace by re-running after MVTec AD download
screw,reference_fit,PROVISIONAL/screw/train/good/0311.png,train/good,PROVISIONAL_NO_DATA,placeholder ids; replace by re-running after MVTec AD download
screw,reference_fit,PROVISIONAL/screw/train/good/0158.png,train/good,PROVISIONAL_NO_DATA,placeholder ids; replace by re-running after MVTec AD download
screw,reference_fit,PROVISIONAL/screw/train/good/0107.png,train/good,PROVISIONAL_NO_DATA,placeholder ids; replace by re-running after MVTec AD download
screw,reference_fit,PROVISIONAL/screw/train/good/0313.png,train/good,PROVISIONAL_NO_DATA,placeholder ids; replace by re-running after MVTec AD download
screw,reference_fit,PROVISIONAL/screw/train/good/0283.png,train/good,PROVISIONAL_NO_DATA,placeholder ids; replace by re-running after MVTec AD download
screw,reference_fit,PROVISIONAL/screw/train/good/0253.png,train/good,PROVISIONAL_NO_DATA,placeholder ids; replace by re-running after MVTec AD download
screw,reference_fit,PROVISIONAL/screw/train/good/0164.png,train/good,PROVISIONAL_NO_DATA,placeholder ids; replace by re-running after MVTec AD download
screw,reference_fit,PROVISIONAL/screw/train/good/0290.png,train/good,PROVISIONAL_NO_DATA,placeholder ids; replace by re-running after MVTec AD download
screw,reference_fit,PROVISIONAL/screw/train/good/0141.png,train/good,PROVISIONAL_NO_DATA,placeholder ids; replace by re-running after MVTec AD download
screw,reference_fit,PROVISIONAL/screw/train/good/0264.png,train/good,PROVISIONAL_NO_DATA,placeholder ids; replace by re-running after MVTec AD download
screw,reference_fit,PROVISIONAL/screw/train/good/0092.png,train/good,PROVISIONAL_NO_DATA,placeholder ids; replace by re-running after MVTec AD download
screw,reference_fit,PROVISIONAL/screw/train/good/0042.png,train/good,PROVISIONAL_NO_DATA,placeholder ids; replace by re-running after MVTec AD download
screw,reference_fit,PROVISIONAL/screw/train/good/0209.png,train/good,PROVISIONAL_NO_DATA,placeholder ids; replace by re-running after MVTec AD download
screw,reference_fit,PROVISIONAL/screw/train/good/0128.png,train/good,PROVISIONAL_NO_DATA,placeholder ids; replace by re-running after MVTec AD download
screw,reference_fit,PROVISIONAL/screw/train/good/0213.png,train/good,PROVISIONAL_NO_DATA,placeholder ids; replace by re-running after MVTec AD download
screw,reference_fit,PROVISIONAL/screw/train/good/0179.png,train/good,PROVISIONAL_NO_DATA,placeholder ids; replace by re-running after MVTec AD download
screw,reference_fit,PROVISIONAL/screw/train/good/0198.png,train/good,PROVISIONAL_NO_DATA,placeholder ids; replace by re-running after MVTec AD download
screw,reference_fit,PROVISIONAL/screw/train/good/0064.png,train/good,PROVISIONAL_NO_DATA,placeholder ids; replace by re-running after MVTec AD download
screw,reference_fit,PROVISIONAL/screw/train/good/0243.png,train/good,PROVISIONAL_NO_DATA,placeholder ids; replace by re-running after MVTec AD download
screw,reference_fit,PROVISIONAL/screw/train/good/0293.png,train/good,PROVISIONAL_NO_DATA,placeholder ids; replace by re-running after MVTec AD download
screw,reference_fit,PROVISIONAL/screw/train/good/0226.png,train/good,PROVISIONAL_NO_DATA,placeholder ids; replace by re-running after MVTec AD download
screw,reference_fit,PROVISIONAL/screw/train/good/0258.png,train/good,PROVISIONAL_NO_DATA,placeholder ids; replace by re-running after MVTec AD download
screw,reference_fit,PROVISIONAL/screw/train/good/0123.png,train/good,PROVISIONAL_NO_DATA,placeholder ids; replace by re-running after MVTec AD download
screw,reference_fit,PROVISIONAL/screw/train/good/0025.png,train/good,PROVISIONAL_NO_DATA,placeholder ids; replace by re-running after MVTec AD download
screw,reference_fit,PROVISIONAL/screw/train/good/0130.png,train/good,PROVISIONAL_NO_DATA,placeholder ids; replace by re-running after MVTec AD download
screw,reference_fit,PROVISIONAL/screw/train/good/0008.png,train/good,PROVISIONAL_NO_DATA,placeholder ids; replace by re-running after MVTec AD download
screw,reference_fit,PROVISIONAL/screw/train/good/0307.png,train/good,PROVISIONAL_NO_DATA,placeholder ids; replace by re-running after MVTec AD download
screw,reference_fit,PROVISIONAL/screw/train/good/0068.png,train/good,PROVISIONAL_NO_DATA,placeholder ids; replace by re-running after MVTec AD download
screw,reference_fit,PROVISIONAL/screw/train/good/0265.png,train/good,PROVISIONAL_NO_DATA,placeholder ids; replace by re-running after MVTec AD download
screw,reference_fit,PROVISIONAL/screw/train/good/0074.png,train/good,PROVISIONAL_NO_DATA,placeholder ids; replace by re-running after MVTec AD download
screw,reference_fit,PROVISIONAL/screw/train/good/0182.png,train/good,PROVISIONAL_NO_DATA,placeholder ids; replace by re-running after MVTec AD download
screw,reference_fit,PROVISIONAL/screw/train/good/0109.png,train/good,PROVISIONAL_NO_DATA,placeholder ids; replace by re-running after MVTec AD download
screw,reference_fit,PROVISIONAL/screw/train/good/0106.png,train/good,PROVISIONAL_NO_DATA,placeholder ids; replace by re-running after MVTec AD download
screw,reference_fit,PROVISIONAL/screw/train/good/0173.png,train/good,PROVISIONAL_NO_DATA,placeholder ids; replace by re-running after MVTec AD download
screw,reference_fit,PROVISIONAL/screw/train/good/0196.png,train/good,PROVISIONAL_NO_DATA,placeholder ids; replace by re-running after MVTec AD download
screw,reference_fit,PROVISIONAL/screw/train/good/0065.png,train/good,PROVISIONAL_NO_DATA,placeholder ids; replace by re-running after MVTec AD download
screw,reference_fit,PROVISIONAL/screw/train/good/0218.png,train/good,PROVISIONAL_NO_DATA,placeholder ids; replace by re-running after MVTec AD download
screw,reference_fit,PROVISIONAL/screw/train/good/0255.png,train/good,PROVISIONAL_NO_DATA,placeholder ids; replace by re-running after MVTec AD download
screw,reference_fit,PROVISIONAL/screw/train/good/0195.png,train/good,PROVISIONAL_NO_DATA,placeholder ids; replace by re-running after MVTec AD download
screw,reference_fit,PROVISIONAL/screw/train/good/0043.png,train/good,PROVISIONAL_NO_DATA,placeholder ids; replace by re-running after MVTec AD download
screw,reference_fit,PROVISIONAL/screw/train/good/0166.png,train/good,PROVISIONAL_NO_DATA,placeholder ids; replace by re-running after MVTec AD download
screw,reference_fit,PROVISIONAL/screw/train/good/0210.png,train/good,PROVISIONAL_NO_DATA,placeholder ids; replace by re-running after MVTec AD download
screw,reference_fit,PROVISIONAL/screw/train/good/0006.png,train/good,PROVISIONAL_NO_DATA,placeholder ids; replace by re-running after MVTec AD download
screw,reference_fit,PROVISIONAL/screw/train/good/0054.png,train/good,PROVISIONAL_NO_DATA,placeholder ids; replace by re-running after MVTec AD download
screw,reference_fit,PROVISIONAL/screw/train/good/0094.png,train/good,PROVISIONAL_NO_DATA,placeholder ids; replace by re-running after MVTec AD download
screw,reference_fit,PROVISIONAL/screw/train/good/0298.png,train/good,PROVISIONAL_NO_DATA,placeholder ids; replace by re-running after MVTec AD download
screw,reference_fit,PROVISIONAL/screw/train/good/0026.png,train/good,PROVISIONAL_NO_DATA,placeholder ids; replace by re-running after MVTec AD download
screw,reference_fit,PROVISIONAL/screw/train/good/0061.png,train/good,PROVISIONAL_NO_DATA,placeholder ids; replace by re-running after MVTec AD download
screw,reference_fit,PROVISIONAL/screw/train/good/0201.png,train/good,PROVISIONAL_NO_DATA,placeholder ids; replace by re-running after MVTec AD download
screw,reference_fit,PROVISIONAL/screw/train/good/0304.png,train/good,PROVISIONAL_NO_DATA,placeholder ids; replace by re-running after MVTec AD download
screw,reference_fit,PROVISIONAL/screw/train/good/0103.png,train/good,PROVISIONAL_NO_DATA,placeholder ids; replace by re-running after MVTec AD download
screw,reference_fit,PROVISIONAL/screw/train/good/0249.png,train/good,PROVISIONAL_NO_DATA,placeholder ids; replace by re-running after MVTec AD download
screw,reference_fit,PROVISIONAL/screw/train/good/0314.png,train/good,PROVISIONAL_NO_DATA,placeholder ids; replace by re-running after MVTec AD download
screw,reference_fit,PROVISIONAL/screw/train/good/0276.png,train/good,PROVISIONAL_NO_DATA,placeholder ids; replace by re-running after MVTec AD download
screw,reference_fit,PROVISIONAL/screw/train/good/0126.png,train/good,PROVISIONAL_NO_DATA,placeholder ids; replace by re-running after MVTec AD download
screw,reference_fit,PROVISIONAL/screw/train/good/0119.png,train/good,PROVISIONAL_NO_DATA,placeholder ids; replace by re-running after MVTec AD download
screw,reference_fit,PROVISIONAL/screw/train/good/0181.png,train/good,PROVISIONAL_NO_DATA,placeholder ids; replace by re-running after MVTec AD download
screw,reference_fit,PROVISIONAL/screw/train/good/0220.png,train/good,PROVISIONAL_NO_DATA,placeholder ids; replace by re-running after MVTec AD download
screw,reference_fit,PROVISIONAL/screw/train/good/0140.png,train/good,PROVISIONAL_NO_DATA,placeholder ids; replace by re-running after MVTec AD download
screw,reference_fit,PROVISIONAL/screw/train/good/0013.png,train/good,PROVISIONAL_NO_DATA,placeholder ids; replace by re-running after MVTec AD download
screw,reference_fit,PROVISIONAL/screw/train/good/0097.png,train/good,PROVISIONAL_NO_DATA,placeholder ids; replace by re-running after MVTec AD download
screw,reference_fit,PROVISIONAL/screw/train/good/0118.png,train/good,PROVISIONAL_NO_DATA,placeholder ids; replace by re-running after MVTec AD download
screw,reference_fit,PROVISIONAL/screw/train/good/0132.png,train/good,PROVISIONAL_NO_DATA,placeholder ids; replace by re-running after MVTec AD download
screw,reference_fit,PROVISIONAL/screw/train/good/0072.png,train/good,PROVISIONAL_NO_DATA,placeholder ids; replace by re-running after MVTec AD download
screw,reference_fit,PROVISIONAL/screw/train/good/0155.png,train/good,PROVISIONAL_NO_DATA,placeholder ids; replace by re-running after MVTec AD download
screw,reference_fit,PROVISIONAL/screw/train/good/0294.png,train/good,PROVISIONAL_NO_DATA,placeholder ids; replace by re-running after MVTec AD download
screw,reference_fit,PROVISIONAL/screw/train/good/0275.png,train/good,PROVISIONAL_NO_DATA,placeholder ids; replace by re-running after MVTec AD download
screw,reference_fit,PROVISIONAL/screw/train/good/0269.png,train/good,PROVISIONAL_NO_DATA,placeholder ids; replace by re-running after MVTec AD download
screw,reference_fit,PROVISIONAL/screw/train/good/0037.png,train/good,PROVISIONAL_NO_DATA,placeholder ids; replace by re-running after MVTec AD download
screw,reference_fit,PROVISIONAL/screw/train/good/0028.png,train/good,PROVISIONAL_NO_DATA,placeholder ids; replace by re-running after MVTec AD download
screw,reference_fit,PROVISIONAL/screw/train/good/0246.png,train/good,PROVISIONAL_NO_DATA,placeholder ids; replace by re-running after MVTec AD download
screw,reference_fit,PROVISIONAL/screw/train/good/0185.png,train/good,PROVISIONAL_NO_DATA,placeholder ids; replace by re-running after MVTec AD download
screw,reference_fit,PROVISIONAL/screw/train/good/0273.png,train/good,PROVISIONAL_NO_DATA,placeholder ids; replace by re-running after MVTec AD download
screw,reference_fit,PROVISIONAL/screw/train/good/0235.png,train/good,PROVISIONAL_NO_DATA,placeholder ids; replace by re-running after MVTec AD download
screw,reference_fit,PROVISIONAL/screw/train/good/0099.png,train/good,PROVISIONAL_NO_DATA,placeholder ids; replace by re-running after MVTec AD download
screw,reference_fit,PROVISIONAL/screw/train/good/0004.png,train/good,PROVISIONAL_NO_DATA,placeholder ids; replace by re-running after MVTec AD download
screw,reference_fit,PROVISIONAL/screw/train/good/0052.png,train/good,PROVISIONAL_NO_DATA,placeholder ids; replace by re-running after MVTec AD download
screw,reference_fit,PROVISIONAL/screw/train/good/0221.png,train/good,PROVISIONAL_NO_DATA,placeholder ids; replace by re-running after MVTec AD download
screw,reference_fit,PROVISIONAL/screw/train/good/0244.png,train/good,PROVISIONAL_NO_DATA,placeholder ids; replace by re-running after MVTec AD download
screw,reference_fit,PROVISIONAL/screw/train/good/0046.png,train/good,PROVISIONAL_NO_DATA,placeholder ids; replace by re-running after MVTec AD download
screw,reference_fit,PROVISIONAL/screw/train/good/0091.png,train/good,PROVISIONAL_NO_DATA,placeholder ids; replace by re-running after MVTec AD download
screw,reference_fit,PROVISIONAL/screw/train/good/0312.png,train/good,PROVISIONAL_NO_DATA,placeholder ids; replace by re-running after MVTec AD download
screw,reference_fit,PROVISIONAL/screw/train/good/0292.png,train/good,PROVISIONAL_NO_DATA,placeholder ids; replace by re-running after MVTec AD download
screw,reference_fit,PROVISIONAL/screw/train/good/0060.png,train/good,PROVISIONAL_NO_DATA,placeholder ids; replace by re-running after MVTec AD download
screw,reference_fit,PROVISIONAL/screw/train/good/0199.png,train/good,PROVISIONAL_NO_DATA,placeholder ids; replace by re-running after MVTec AD download
screw,reference_fit,PROVISIONAL/screw/train/good/0151.png,train/good,PROVISIONAL_NO_DATA,placeholder ids; replace by re-running after MVTec AD download
screw,reference_fit,PROVISIONAL/screw/train/good/0160.png,train/good,PROVISIONAL_NO_DATA,placeholder ids; replace by re-running after MVTec AD download
screw,reference_fit,PROVISIONAL/screw/train/good/0286.png,train/good,PROVISIONAL_NO_DATA,placeholder ids; replace by re-running after MVTec AD download
screw,reference_fit,PROVISIONAL/screw/train/good/0186.png,train/good,PROVISIONAL_NO_DATA,placeholder ids; replace by re-running after MVTec AD download
screw,reference_fit,PROVISIONAL/screw/train/good/0102.png,train/good,PROVISIONAL_NO_DATA,placeholder ids; replace by re-running after MVTec AD download
screw,reference_fit,PROVISIONAL/screw/train/good/0082.png,train/good,PROVISIONAL_NO_DATA,placeholder ids; replace by re-running after MVTec AD download
screw,reference_fit,PROVISIONAL/screw/train/good/0206.png,train/good,PROVISIONAL_NO_DATA,placeholder ids; replace by re-running after MVTec AD download
screw,reference_fit,PROVISIONAL/screw/train/good/0050.png,train/good,PROVISIONAL_NO_DATA,placeholder ids; replace by re-running after MVTec AD download
screw,reference_fit,PROVISIONAL/screw/train/good/0138.png,train/good,PROVISIONAL_NO_DATA,placeholder ids; replace by re-running after MVTec AD download
screw,reference_fit,PROVISIONAL/screw/train/good/0204.png,train/good,PROVISIONAL_NO_DATA,placeholder ids; replace by re-running after MVTec AD download
screw,reference_fit,PROVISIONAL/screw/train/good/0035.png,train/good,PROVISIONAL_NO_DATA,placeholder ids; replace by re-running after MVTec AD download
screw,reference_fit,PROVISIONAL/screw/train/good/0122.png,train/good,PROVISIONAL_NO_DATA,placeholder ids; replace by re-running after MVTec AD download
screw,reference_fit,PROVISIONAL/screw/train/good/0242.png,train/good,PROVISIONAL_NO_DATA,placeholder ids; replace by re-running after MVTec AD download
screw,reference_fit,PROVISIONAL/screw/train/good/0152.png,train/good,PROVISIONAL_NO_DATA,placeholder ids; replace by re-running after MVTec AD download
screw,reference_fit,PROVISIONAL/screw/train/good/0014.png,train/good,PROVISIONAL_NO_DATA,placeholder ids; replace by re-running after MVTec AD download
screw,reference_fit,PROVISIONAL/screw/train/good/0231.png,train/good,PROVISIONAL_NO_DATA,placeholder ids; replace by re-running after MVTec AD download
screw,reference_fit,PROVISIONAL/screw/train/good/0190.png,train/good,PROVISIONAL_NO_DATA,placeholder ids; replace by re-running after MVTec AD download
screw,reference_fit,PROVISIONAL/screw/train/good/0139.png,train/good,PROVISIONAL_NO_DATA,placeholder ids; replace by re-running after MVTec AD download
screw,reference_fit,PROVISIONAL/screw/train/good/0015.png,train/good,PROVISIONAL_NO_DATA,placeholder ids; replace by re-running after MVTec AD download
screw,reference_fit,PROVISIONAL/screw/train/good/0089.png,train/good,PROVISIONAL_NO_DATA,placeholder ids; replace by re-running after MVTec AD download
screw,reference_fit,PROVISIONAL/screw/train/good/0200.png,train/good,PROVISIONAL_NO_DATA,placeholder ids; replace by re-running after MVTec AD download
screw,reference_fit,PROVISIONAL/screw/train/good/0080.png,train/good,PROVISIONAL_NO_DATA,placeholder ids; replace by re-running after MVTec AD download
screw,reference_fit,PROVISIONAL/screw/train/good/0170.png,train/good,PROVISIONAL_NO_DATA,placeholder ids; replace by re-running after MVTec AD download
screw,reference_fit,PROVISIONAL/screw/train/good/0142.png,train/good,PROVISIONAL_NO_DATA,placeholder ids; replace by re-running after MVTec AD download
screw,reference_fit,PROVISIONAL/screw/train/good/0019.png,train/good,PROVISIONAL_NO_DATA,placeholder ids; replace by re-running after MVTec AD download
screw,reference_fit,PROVISIONAL/screw/train/good/0267.png,train/good,PROVISIONAL_NO_DATA,placeholder ids; replace by re-running after MVTec AD download
screw,reference_fit,PROVISIONAL/screw/train/good/0306.png,train/good,PROVISIONAL_NO_DATA,placeholder ids; replace by re-running after MVTec AD download
screw,reference_fit,PROVISIONAL/screw/train/good/0053.png,train/good,PROVISIONAL_NO_DATA,placeholder ids; replace by re-running after MVTec AD download
screw,reference_fit,PROVISIONAL/screw/train/good/0222.png,train/good,PROVISIONAL_NO_DATA,placeholder ids; replace by re-running after MVTec AD download
screw,reference_fit,PROVISIONAL/screw/train/good/0100.png,train/good,PROVISIONAL_NO_DATA,placeholder ids; replace by re-running after MVTec AD download
screw,reference_fit,PROVISIONAL/screw/train/good/0236.png,train/good,PROVISIONAL_NO_DATA,placeholder ids; replace by re-running after MVTec AD download
screw,reference_fit,PROVISIONAL/screw/train/good/0096.png,train/good,PROVISIONAL_NO_DATA,placeholder ids; replace by re-running after MVTec AD download
screw,reference_fit,PROVISIONAL/screw/train/good/0319.png,train/good,PROVISIONAL_NO_DATA,placeholder ids; replace by re-running after MVTec AD download
screw,reference_fit,PROVISIONAL/screw/train/good/0215.png,train/good,PROVISIONAL_NO_DATA,placeholder ids; replace by re-running after MVTec AD download
screw,reference_fit,PROVISIONAL/screw/train/good/0032.png,train/good,PROVISIONAL_NO_DATA,placeholder ids; replace by re-running after MVTec AD download
screw,reference_fit,PROVISIONAL/screw/train/good/0009.png,train/good,PROVISIONAL_NO_DATA,placeholder ids; replace by re-running after MVTec AD download
screw,reference_fit,PROVISIONAL/screw/train/good/0087.png,train/good,PROVISIONAL_NO_DATA,placeholder ids; replace by re-running after MVTec AD download
screw,reference_fit,PROVISIONAL/screw/train/good/0277.png,train/good,PROVISIONAL_NO_DATA,placeholder ids; replace by re-running after MVTec AD download
screw,reference_fit,PROVISIONAL/screw/train/good/0259.png,train/good,PROVISIONAL_NO_DATA,placeholder ids; replace by re-running after MVTec AD download
screw,development,PROVISIONAL/screw/train/good/0225.png,train/good,PROVISIONAL_NO_DATA,placeholder ids; replace by re-running after MVTec AD download
screw,development,PROVISIONAL/screw/train/good/0256.png,train/good,PROVISIONAL_NO_DATA,placeholder ids; replace by re-running after MVTec AD download
screw,development,PROVISIONAL/screw/train/good/0131.png,train/good,PROVISIONAL_NO_DATA,placeholder ids; replace by re-running after MVTec AD download
screw,development,PROVISIONAL/screw/train/good/0157.png,train/good,PROVISIONAL_NO_DATA,placeholder ids; replace by re-running after MVTec AD download
screw,development,PROVISIONAL/screw/train/good/0016.png,train/good,PROVISIONAL_NO_DATA,placeholder ids; replace by re-running after MVTec AD download
screw,development,PROVISIONAL/screw/train/good/0254.png,train/good,PROVISIONAL_NO_DATA,placeholder ids; replace by re-running after MVTec AD download
screw,development,PROVISIONAL/screw/train/good/0105.png,train/good,PROVISIONAL_NO_DATA,placeholder ids; replace by re-running after MVTec AD download
screw,development,PROVISIONAL/screw/train/good/0248.png,train/good,PROVISIONAL_NO_DATA,placeholder ids; replace by re-running after MVTec AD download
screw,development,PROVISIONAL/screw/train/good/0212.png,train/good,PROVISIONAL_NO_DATA,placeholder ids; replace by re-running after MVTec AD download
screw,development,PROVISIONAL/screw/train/good/0250.png,train/good,PROVISIONAL_NO_DATA,placeholder ids; replace by re-running after MVTec AD download
screw,development,PROVISIONAL/screw/train/good/0085.png,train/good,PROVISIONAL_NO_DATA,placeholder ids; replace by re-running after MVTec AD download
screw,development,PROVISIONAL/screw/train/good/0192.png,train/good,PROVISIONAL_NO_DATA,placeholder ids; replace by re-running after MVTec AD download
screw,development,PROVISIONAL/screw/train/good/0077.png,train/good,PROVISIONAL_NO_DATA,placeholder ids; replace by re-running after MVTec AD download
screw,development,PROVISIONAL/screw/train/good/0110.png,train/good,PROVISIONAL_NO_DATA,placeholder ids; replace by re-running after MVTec AD download
screw,development,PROVISIONAL/screw/train/good/0113.png,train/good,PROVISIONAL_NO_DATA,placeholder ids; replace by re-running after MVTec AD download
screw,development,PROVISIONAL/screw/train/good/0030.png,train/good,PROVISIONAL_NO_DATA,placeholder ids; replace by re-running after MVTec AD download
screw,development,PROVISIONAL/screw/train/good/0214.png,train/good,PROVISIONAL_NO_DATA,placeholder ids; replace by re-running after MVTec AD download
screw,development,PROVISIONAL/screw/train/good/0194.png,train/good,PROVISIONAL_NO_DATA,placeholder ids; replace by re-running after MVTec AD download
screw,development,PROVISIONAL/screw/train/good/0129.png,train/good,PROVISIONAL_NO_DATA,placeholder ids; replace by re-running after MVTec AD download
screw,development,PROVISIONAL/screw/train/good/0316.png,train/good,PROVISIONAL_NO_DATA,placeholder ids; replace by re-running after MVTec AD download
screw,development,PROVISIONAL/screw/train/good/0172.png,train/good,PROVISIONAL_NO_DATA,placeholder ids; replace by re-running after MVTec AD download
screw,development,PROVISIONAL/screw/train/good/0262.png,train/good,PROVISIONAL_NO_DATA,placeholder ids; replace by re-running after MVTec AD download
screw,development,PROVISIONAL/screw/train/good/0001.png,train/good,PROVISIONAL_NO_DATA,placeholder ids; replace by re-running after MVTec AD download
screw,development,PROVISIONAL/screw/train/good/0067.png,train/good,PROVISIONAL_NO_DATA,placeholder ids; replace by re-running after MVTec AD download
screw,development,PROVISIONAL/screw/train/good/0002.png,train/good,PROVISIONAL_NO_DATA,placeholder ids; replace by re-running after MVTec AD download
screw,development,PROVISIONAL/screw/train/good/0296.png,train/good,PROVISIONAL_NO_DATA,placeholder ids; replace by re-running after MVTec AD download
screw,development,PROVISIONAL/screw/train/good/0012.png,train/good,PROVISIONAL_NO_DATA,placeholder ids; replace by re-running after MVTec AD download
screw,development,PROVISIONAL/screw/train/good/0177.png,train/good,PROVISIONAL_NO_DATA,placeholder ids; replace by re-running after MVTec AD download
screw,development,PROVISIONAL/screw/train/good/0300.png,train/good,PROVISIONAL_NO_DATA,placeholder ids; replace by re-running after MVTec AD download
screw,development,PROVISIONAL/screw/train/good/0112.png,train/good,PROVISIONAL_NO_DATA,placeholder ids; replace by re-running after MVTec AD download
screw,development,PROVISIONAL/screw/train/good/0011.png,train/good,PROVISIONAL_NO_DATA,placeholder ids; replace by re-running after MVTec AD download
screw,development,PROVISIONAL/screw/train/good/0227.png,train/good,PROVISIONAL_NO_DATA,placeholder ids; replace by re-running after MVTec AD download
screw,development,PROVISIONAL/screw/train/good/0048.png,train/good,PROVISIONAL_NO_DATA,placeholder ids; replace by re-running after MVTec AD download
screw,development,PROVISIONAL/screw/train/good/0165.png,train/good,PROVISIONAL_NO_DATA,placeholder ids; replace by re-running after MVTec AD download
screw,development,PROVISIONAL/screw/train/good/0180.png,train/good,PROVISIONAL_NO_DATA,placeholder ids; replace by re-running after MVTec AD download
screw,development,PROVISIONAL/screw/train/good/0051.png,train/good,PROVISIONAL_NO_DATA,placeholder ids; replace by re-running after MVTec AD download
screw,development,PROVISIONAL/screw/train/good/0271.png,train/good,PROVISIONAL_NO_DATA,placeholder ids; replace by re-running after MVTec AD download
screw,development,PROVISIONAL/screw/train/good/0088.png,train/good,PROVISIONAL_NO_DATA,placeholder ids; replace by re-running after MVTec AD download
screw,development,PROVISIONAL/screw/train/good/0135.png,train/good,PROVISIONAL_NO_DATA,placeholder ids; replace by re-running after MVTec AD download
screw,development,PROVISIONAL/screw/train/good/0023.png,train/good,PROVISIONAL_NO_DATA,placeholder ids; replace by re-running after MVTec AD download
screw,development,PROVISIONAL/screw/train/good/0251.png,train/good,PROVISIONAL_NO_DATA,placeholder ids; replace by re-running after MVTec AD download
screw,development,PROVISIONAL/screw/train/good/0238.png,train/good,PROVISIONAL_NO_DATA,placeholder ids; replace by re-running after MVTec AD download
screw,development,PROVISIONAL/screw/train/good/0038.png,train/good,PROVISIONAL_NO_DATA,placeholder ids; replace by re-running after MVTec AD download
screw,development,PROVISIONAL/screw/train/good/0228.png,train/good,PROVISIONAL_NO_DATA,placeholder ids; replace by re-running after MVTec AD download
screw,development,PROVISIONAL/screw/train/good/0178.png,train/good,PROVISIONAL_NO_DATA,placeholder ids; replace by re-running after MVTec AD download
screw,development,PROVISIONAL/screw/train/good/0055.png,train/good,PROVISIONAL_NO_DATA,placeholder ids; replace by re-running after MVTec AD download
screw,development,PROVISIONAL/screw/train/good/0020.png,train/good,PROVISIONAL_NO_DATA,placeholder ids; replace by re-running after MVTec AD download
screw,development,PROVISIONAL/screw/train/good/0137.png,train/good,PROVISIONAL_NO_DATA,placeholder ids; replace by re-running after MVTec AD download
screw,development,PROVISIONAL/screw/train/good/0034.png,train/good,PROVISIONAL_NO_DATA,placeholder ids; replace by re-running after MVTec AD download
screw,development,PROVISIONAL/screw/train/good/0202.png,train/good,PROVISIONAL_NO_DATA,placeholder ids; replace by re-running after MVTec AD download
screw,development,PROVISIONAL/screw/train/good/0027.png,train/good,PROVISIONAL_NO_DATA,placeholder ids; replace by re-running after MVTec AD download
screw,development,PROVISIONAL/screw/train/good/0114.png,train/good,PROVISIONAL_NO_DATA,placeholder ids; replace by re-running after MVTec AD download
screw,development,PROVISIONAL/screw/train/good/0224.png,train/good,PROVISIONAL_NO_DATA,placeholder ids; replace by re-running after MVTec AD download
screw,development,PROVISIONAL/screw/train/good/0057.png,train/good,PROVISIONAL_NO_DATA,placeholder ids; replace by re-running after MVTec AD download
screw,development,PROVISIONAL/screw/train/good/0266.png,train/good,PROVISIONAL_NO_DATA,placeholder ids; replace by re-running after MVTec AD download
screw,development,PROVISIONAL/screw/train/good/0153.png,train/good,PROVISIONAL_NO_DATA,placeholder ids; replace by re-running after MVTec AD download
screw,development,PROVISIONAL/screw/train/good/0171.png,train/good,PROVISIONAL_NO_DATA,placeholder ids; replace by re-running after MVTec AD download
screw,development,PROVISIONAL/screw/train/good/0154.png,train/good,PROVISIONAL_NO_DATA,placeholder ids; replace by re-running after MVTec AD download
screw,development,PROVISIONAL/screw/train/good/0136.png,train/good,PROVISIONAL_NO_DATA,placeholder ids; replace by re-running after MVTec AD download
screw,development,PROVISIONAL/screw/train/good/0040.png,train/good,PROVISIONAL_NO_DATA,placeholder ids; replace by re-running after MVTec AD download
screw,development,PROVISIONAL/screw/train/good/0261.png,train/good,PROVISIONAL_NO_DATA,placeholder ids; replace by re-running after MVTec AD download
screw,development,PROVISIONAL/screw/train/good/0303.png,train/good,PROVISIONAL_NO_DATA,placeholder ids; replace by re-running after MVTec AD download
screw,development,PROVISIONAL/screw/train/good/0175.png,train/good,PROVISIONAL_NO_DATA,placeholder ids; replace by re-running after MVTec AD download
screw,development,PROVISIONAL/screw/train/good/0211.png,train/good,PROVISIONAL_NO_DATA,placeholder ids; replace by re-running after MVTec AD download
screw,final_calibration,PROVISIONAL/screw/train/good/0022.png,train/good,PROVISIONAL_NO_DATA,placeholder ids; replace by re-running after MVTec AD download
screw,final_calibration,PROVISIONAL/screw/train/good/0317.png,train/good,PROVISIONAL_NO_DATA,placeholder ids; replace by re-running after MVTec AD download
screw,final_calibration,PROVISIONAL/screw/train/good/0134.png,train/good,PROVISIONAL_NO_DATA,placeholder ids; replace by re-running after MVTec AD download
screw,final_calibration,PROVISIONAL/screw/train/good/0278.png,train/good,PROVISIONAL_NO_DATA,placeholder ids; replace by re-running after MVTec AD download
screw,final_calibration,PROVISIONAL/screw/train/good/0108.png,train/good,PROVISIONAL_NO_DATA,placeholder ids; replace by re-running after MVTec AD download
screw,final_calibration,PROVISIONAL/screw/train/good/0260.png,train/good,PROVISIONAL_NO_DATA,placeholder ids; replace by re-running after MVTec AD download
screw,final_calibration,PROVISIONAL/screw/train/good/0217.png,train/good,PROVISIONAL_NO_DATA,placeholder ids; replace by re-running after MVTec AD download
screw,final_calibration,PROVISIONAL/screw/train/good/0081.png,train/good,PROVISIONAL_NO_DATA,placeholder ids; replace by re-running after MVTec AD download
screw,final_calibration,PROVISIONAL/screw/train/good/0079.png,train/good,PROVISIONAL_NO_DATA,placeholder ids; replace by re-running after MVTec AD download
screw,final_calibration,PROVISIONAL/screw/train/good/0183.png,train/good,PROVISIONAL_NO_DATA,placeholder ids; replace by re-running after MVTec AD download
screw,final_calibration,PROVISIONAL/screw/train/good/0297.png,train/good,PROVISIONAL_NO_DATA,placeholder ids; replace by re-running after MVTec AD download
screw,final_calibration,PROVISIONAL/screw/train/good/0239.png,train/good,PROVISIONAL_NO_DATA,placeholder ids; replace by re-running after MVTec AD download
screw,final_calibration,PROVISIONAL/screw/train/good/0272.png,train/good,PROVISIONAL_NO_DATA,placeholder ids; replace by re-running after MVTec AD download
screw,final_calibration,PROVISIONAL/screw/train/good/0003.png,train/good,PROVISIONAL_NO_DATA,placeholder ids; replace by re-running after MVTec AD download
screw,final_calibration,PROVISIONAL/screw/train/good/0274.png,train/good,PROVISIONAL_NO_DATA,placeholder ids; replace by re-running after MVTec AD download
screw,final_calibration,PROVISIONAL/screw/train/good/0143.png,train/good,PROVISIONAL_NO_DATA,placeholder ids; replace by re-running after MVTec AD download
screw,final_calibration,PROVISIONAL/screw/train/good/0285.png,train/good,PROVISIONAL_NO_DATA,placeholder ids; replace by re-running after MVTec AD download
screw,final_calibration,PROVISIONAL/screw/train/good/0066.png,train/good,PROVISIONAL_NO_DATA,placeholder ids; replace by re-running after MVTec AD download
screw,final_calibration,PROVISIONAL/screw/train/good/0163.png,train/good,PROVISIONAL_NO_DATA,placeholder ids; replace by re-running after MVTec AD download
screw,final_calibration,PROVISIONAL/screw/train/good/0076.png,train/good,PROVISIONAL_NO_DATA,placeholder ids; replace by re-running after MVTec AD download
screw,final_calibration,PROVISIONAL/screw/train/good/0237.png,train/good,PROVISIONAL_NO_DATA,placeholder ids; replace by re-running after MVTec AD download
screw,final_calibration,PROVISIONAL/screw/train/good/0156.png,train/good,PROVISIONAL_NO_DATA,placeholder ids; replace by re-running after MVTec AD download
screw,final_calibration,PROVISIONAL/screw/train/good/0146.png,train/good,PROVISIONAL_NO_DATA,placeholder ids; replace by re-running after MVTec AD download
screw,final_calibration,PROVISIONAL/screw/train/good/0193.png,train/good,PROVISIONAL_NO_DATA,placeholder ids; replace by re-running after MVTec AD download
screw,final_calibration,PROVISIONAL/screw/train/good/0245.png,train/good,PROVISIONAL_NO_DATA,placeholder ids; replace by re-running after MVTec AD download
screw,final_calibration,PROVISIONAL/screw/train/good/0024.png,train/good,PROVISIONAL_NO_DATA,placeholder ids; replace by re-running after MVTec AD download
screw,final_calibration,PROVISIONAL/screw/train/good/0299.png,train/good,PROVISIONAL_NO_DATA,placeholder ids; replace by re-running after MVTec AD download
screw,final_calibration,PROVISIONAL/screw/train/good/0059.png,train/good,PROVISIONAL_NO_DATA,placeholder ids; replace by re-running after MVTec AD download
screw,final_calibration,PROVISIONAL/screw/train/good/0021.png,train/good,PROVISIONAL_NO_DATA,placeholder ids; replace by re-running after MVTec AD download
screw,final_calibration,PROVISIONAL/screw/train/good/0188.png,train/good,PROVISIONAL_NO_DATA,placeholder ids; replace by re-running after MVTec AD download
screw,final_calibration,PROVISIONAL/screw/train/good/0062.png,train/good,PROVISIONAL_NO_DATA,placeholder ids; replace by re-running after MVTec AD download
screw,final_calibration,PROVISIONAL/screw/train/good/0086.png,train/good,PROVISIONAL_NO_DATA,placeholder ids; replace by re-running after MVTec AD download
screw,final_calibration,PROVISIONAL/screw/train/good/0125.png,train/good,PROVISIONAL_NO_DATA,placeholder ids; replace by re-running after MVTec AD download
screw,final_calibration,PROVISIONAL/screw/train/good/0282.png,train/good,PROVISIONAL_NO_DATA,placeholder ids; replace by re-running after MVTec AD download
screw,final_calibration,PROVISIONAL/screw/train/good/0101.png,train/good,PROVISIONAL_NO_DATA,placeholder ids; replace by re-running after MVTec AD download
screw,final_calibration,PROVISIONAL/screw/train/good/0240.png,train/good,PROVISIONAL_NO_DATA,placeholder ids; replace by re-running after MVTec AD download
screw,final_calibration,PROVISIONAL/screw/train/good/0049.png,train/good,PROVISIONAL_NO_DATA,placeholder ids; replace by re-running after MVTec AD download
screw,final_calibration,PROVISIONAL/screw/train/good/0058.png,train/good,PROVISIONAL_NO_DATA,placeholder ids; replace by re-running after MVTec AD download
screw,final_calibration,PROVISIONAL/screw/train/good/0187.png,train/good,PROVISIONAL_NO_DATA,placeholder ids; replace by re-running after MVTec AD download
screw,final_calibration,PROVISIONAL/screw/train/good/0169.png,train/good,PROVISIONAL_NO_DATA,placeholder ids; replace by re-running after MVTec AD download
screw,final_calibration,PROVISIONAL/screw/train/good/0308.png,train/good,PROVISIONAL_NO_DATA,placeholder ids; replace by re-running after MVTec AD download
screw,final_calibration,PROVISIONAL/screw/train/good/0268.png,train/good,PROVISIONAL_NO_DATA,placeholder ids; replace by re-running after MVTec AD download
screw,final_calibration,PROVISIONAL/screw/train/good/0207.png,train/good,PROVISIONAL_NO_DATA,placeholder ids; replace by re-running after MVTec AD download
screw,final_calibration,PROVISIONAL/screw/train/good/0241.png,train/good,PROVISIONAL_NO_DATA,placeholder ids; replace by re-running after MVTec AD download
screw,final_calibration,PROVISIONAL/screw/train/good/0288.png,train/good,PROVISIONAL_NO_DATA,placeholder ids; replace by re-running after MVTec AD download
screw,final_calibration,PROVISIONAL/screw/train/good/0056.png,train/good,PROVISIONAL_NO_DATA,placeholder ids; replace by re-running after MVTec AD download
screw,final_calibration,PROVISIONAL/screw/train/good/0270.png,train/good,PROVISIONAL_NO_DATA,placeholder ids; replace by re-running after MVTec AD download
screw,final_calibration,PROVISIONAL/screw/train/good/0073.png,train/good,PROVISIONAL_NO_DATA,placeholder ids; replace by re-running after MVTec AD download
screw,final_calibration,PROVISIONAL/screw/train/good/0263.png,train/good,PROVISIONAL_NO_DATA,placeholder ids; replace by re-running after MVTec AD download
screw,final_calibration,PROVISIONAL/screw/train/good/0115.png,train/good,PROVISIONAL_NO_DATA,placeholder ids; replace by re-running after MVTec AD download
screw,final_calibration,PROVISIONAL/screw/train/good/0287.png,train/good,PROVISIONAL_NO_DATA,placeholder ids; replace by re-running after MVTec AD download
screw,final_calibration,PROVISIONAL/screw/train/good/0191.png,train/good,PROVISIONAL_NO_DATA,placeholder ids; replace by re-running after MVTec AD download
screw,final_calibration,PROVISIONAL/screw/train/good/0104.png,train/good,PROVISIONAL_NO_DATA,placeholder ids; replace by re-running after MVTec AD download
screw,final_calibration,PROVISIONAL/screw/train/good/0176.png,train/good,PROVISIONAL_NO_DATA,placeholder ids; replace by re-running after MVTec AD download
screw,final_calibration,PROVISIONAL/screw/train/good/0007.png,train/good,PROVISIONAL_NO_DATA,placeholder ids; replace by re-running after MVTec AD download
screw,final_calibration,PROVISIONAL/screw/train/good/0069.png,train/good,PROVISIONAL_NO_DATA,placeholder ids; replace by re-running after MVTec AD download
screw,final_calibration,PROVISIONAL/screw/train/good/0127.png,train/good,PROVISIONAL_NO_DATA,placeholder ids; replace by re-running after MVTec AD download
screw,final_calibration,PROVISIONAL/screw/train/good/0078.png,train/good,PROVISIONAL_NO_DATA,placeholder ids; replace by re-running after MVTec AD download
screw,final_calibration,PROVISIONAL/screw/train/good/0120.png,train/good,PROVISIONAL_NO_DATA,placeholder ids; replace by re-running after MVTec AD download
screw,final_calibration,PROVISIONAL/screw/train/good/0315.png,train/good,PROVISIONAL_NO_DATA,placeholder ids; replace by re-running after MVTec AD download
screw,final_calibration,PROVISIONAL/screw/train/good/0029.png,train/good,PROVISIONAL_NO_DATA,placeholder ids; replace by re-running after MVTec AD download
screw,final_calibration,PROVISIONAL/screw/train/good/0184.png,train/good,PROVISIONAL_NO_DATA,placeholder ids; replace by re-running after MVTec AD download
screw,final_calibration,PROVISIONAL/screw/train/good/0289.png,train/good,PROVISIONAL_NO_DATA,placeholder ids; replace by re-running after MVTec AD download
screw,final_calibration,PROVISIONAL/screw/train/good/0095.png,train/good,PROVISIONAL_NO_DATA,placeholder ids; replace by re-running after MVTec AD download
