category,shot,seed,original_id,source_role,provenance
tile,1,0,PROVISIONAL/tile/train/good/0142.png,reference_fit,PROVISIONAL_NO_DATA
tile,4,0,PROVISIONAL/tile/train/good/0126.png,reference_fit,PROVISIONAL_NO_DATA
tile,4,0,PROVISIONAL/tile/train/good/0005.png,reference_fit,PROVISIONAL_NO_DATA
tile,4,0,PROVISIONAL/tile/train/good/0119.png,reference_fit,PROVISIONAL_NO_DATA
tile,4,0,PROVISIONAL/tile/train/good/0042.png,reference_fit,PROVISIONAL_NO_DATA
tile,16,0,PROVISIONAL/tile/train/good/0217.png,reference_fit,PROVISIONAL_NO_DATA
tile,16,0,PROVISIONAL/tile/train/good/0204.png,reference_fit,PROVISIONAL_NO_DATA
tile,16,0,PROVISIONAL/tile/train/good/0052.png,reference_fit,PROVISIONAL_NO_DATA
tile,16,0,PROVISIONAL/tile/train/good/0147.png,reference_fit,PROVISIONAL_NO_DATA
tile,16,0,PROVISIONAL/tile/train/good/0013.png,reference_fit,PROVISIONAL_NO_DATA
tile,16,0,PROVISIONAL/tile/train/good/0072.png,reference_fit,PROVISIONAL_NO_DATA
tile,16,0,PROVISIONAL/tile/train/good/0126.png,reference_fit,PROVISIONAL_NO_DATA
tile,16,0,PROVISIONAL/tile/train/good/0203.png,reference_fit,PROVISIONAL_NO_DATA
tile,16,0,PROVISIONAL/tile/train/good/0119.png,reference_fit,PROVISIONAL_NO_DATA
tile,16,0,PROVISIONAL/tile/train/good/0037.png,reference_fit,PROVISIONAL_NO_DATA
tile,16,0,PROVISIONAL/tile/train/good/0148.png,reference_fit,PROVISIONAL_NO_DATA
tile,16,0,PROVISIONAL/tile/train/good/0047.png,reference_fit,PROVISIONAL_NO_DATA
tile,16,0,PROVISIONAL/tile/train/good/0123.png,reference_fit,PROVISIONAL_NO_DATA
tile,16,0,PROVISIONAL/tile/train/good/0172.png,reference_fit,PROVISIONAL_NO_DATA
tile,16,0,PROVISIONAL/tile/train/good/0188.png,reference_fit,PROVISIONAL_NO_DATA
tile,16,0,PROVISIONAL/tile/train/good/0023.png,reference_fit,PROVISIONAL_NO_DATA
tile,1,1,PROVISIONAL/tile/train/good/0190.png,reference_fit,PROVISIONAL_NO_DATA
tile,4,1,PROVISIONAL/tile/train/good/0217.png,reference_fit,PROVISIONAL_NO_DATA
tile,4,1,PROVISIONAL/tile/train/good/0223.png,reference_fit,PROVISIONAL_NO_DATA
tile,4,1,PROVISIONAL/tile/train/good/0206.png,reference_fit,PROVISIONAL_NO_DATA
tile,4,1,PROVISIONAL/tile/train/good/0055.png,reference_fit,PROVISIONAL_NO_DATA
tile,16,1,PROVISIONAL/tile/train/good/0161.png,reference_fit,PROVISIONAL_NO_DATA
tile,16,1,PROVISIONAL/tile/train/good/0074.png,reference_fit,PROVISIONAL_NO_DATA
tile,16,1,PROVISIONAL/tile/train/good/0017.png,reference_fit,PROVISIONAL_NO_DATA
tile,16,1,PROVISIONAL/tile/train/good/0091.png,reference_fit,PROVISIONAL_NO_DATA
tile,16,1,PROVISIONAL/tile/train/good/0099.png,reference_fit,PROVISIONAL_NO_DATA
tile,16,1,PROVISIONAL/tile/train/good/0203.png,reference_fit,PROVISIONAL_NO_DATA
tile,16,1,PROVISIONAL/tile/train/good/0010.png,reference_fit,PROVISIONAL_NO_DATA
tile,16,1,PROVISIONAL/tile/train/good/0173.png,reference_fit,PROVISIONAL_NO_DATA
tile,16,1,PROVISIONAL/tile/train/good/0223.png,reference_fit,PROVISIONAL_NO_DATA
tile,16,1,PROVISIONAL/tile/train/good/0016.png,reference_fit,PROVISIONAL_NO_DATA
tile,16,1,PROVISIONAL/tile/train/good/0043.png,reference_fit,PROVISIONAL_NO_DATA
tile,16,1,PROVISIONAL/tile/train/good/0118.png,reference_fit,PROVISIONAL_NO_DATA
tile,16,1,PROVISIONAL/tile/train/good/0044.png,reference_fit,PROVISIONAL_NO_DATA
tile,16,1,PROVISIONAL/tile/train/good/0188.png,reference_fit,PROVISIONAL_NO_DATA
tile,16,1,PROVISIONAL/tile/train/good/0011.png,reference_fit,PROVISIONAL_NO_DATA
tile,16,1,PROVISIONAL/tile/train/good/0186.png,reference_fit,PROVISIONAL_NO_DATA
tile,1,2,PROVISIONAL/tile/train/good/0011.png,reference_fit,PROVISIONAL_NO_DATA
tile,4,2,PROVISIONAL/tile/train/good/0161.png,reference_fit,PROVISIONAL_NO_DATA
tile,4,2,PROVISIONAL/tile/train/good/0091.png,reference_fit,PROVISIONAL_NO_DATA
tile,4,2,PROVISIONAL/tile/train/good/0181.png,reference_fit,PROVISIONAL_NO_DATA
tile,4,2,PROVISIONAL/tile/train/good/0092.png,reference_fit,PROVISIONAL_NO_DATA
tile,16,2,PROVISIONAL/tile/train/good/0103.png,reference_fit,PROVISIONAL_NO_DATA
tile,16,2,PROVISIONAL/tile/train/good/0065.png,reference_fit,PROVISIONAL_NO_DATA
tile,16,2,PROVISIONAL/tile/train/good/0220.png,reference_fit,PROVISIONAL_NO_DATA
tile,16,2,PROVISIONAL/tile/train/good/0039.png,reference_fit,PROVISIONAL_NO_DATA
tile,16,2,PROVISIONAL/tile/train/good/0195.png,reference_fit,PROVISIONAL_NO_DATA
tile,16,2,PROVISIONAL/tile/train/good/0228.png,reference_fit,PROVISIONAL_NO_DATA
tile,16,2,PROVISIONAL/tile/train/good/0054.png,reference_fit,PROVISIONAL_NO_DATA
tile,16,2,PROVISIONAL/tile/train/good/0106.png,reference_fit,PROVISIONAL_NO_DATA
tile,16,2,PROVISIONAL/tile/train/good/0053.png,reference_fit,PROVISIONAL_NO_DATA
tile,16,2,PROVISIONAL/tile/train/good/0179.png,reference_fit,PROVISIONAL_NO_DATA
tile,16,2,PROVISIONAL/tile/train/good/0009.png,reference_fit,PROVISIONAL_NO_DATA
tile,16,2,PROVISIONAL/tile/train/good/0016.png,reference_fit,PROVISIONAL_NO_DATA
tile,16,2,PROVISIONAL/tile/train/good/0110.png,reference_fit,PROVISIONAL_NO_DATA
tile,16,2,PROVISIONAL/tile/train/good/0196.png,reference_fit,PROVISIONAL_NO_DATA
tile,16,2,PROVISIONAL/tile/train/good/0186.png,reference_fit,PROVISIONAL_NO_DATA
tile,16,2,PROVISIONAL/tile/train/good/0138.png,reference_fit,PROVISIONAL_NO_DATA
tile,1,3,PROVISIONAL/tile/train/good/0228.png,reference_fit,PROVISIONAL_NO_DATA
tile,4,3,PROVISIONAL/tile/train/good/0126.png,reference_fit,PROVISIONAL_NO_DATA
tile,4,3,PROVISIONAL/tile/train/good/0155.png,reference_fit,PROVISIONAL_NO_DATA
tile,4,3,PROVISIONAL/tile/train/good/0009.png,reference_fit,PROVISIONAL_NO_DATA
tile,4,3,PROVISIONAL/tile/train/good/0160.png,reference_fit,PROVISIONAL_NO_DATA
tile,16,3,PROVISIONAL/tile/train/good/0227.png,reference_fit,PROVISIONAL_NO_DATA
tile,16,3,PROVISIONAL/tile/train/good/0065.png,reference_fit,PROVISIONAL_NO_DATA
tile,16,3,PROVISIONAL/tile/train/good/0204.png,reference_fit,PROVISIONAL_NO_DATA
tile,16,3,PROVISIONAL/tile/train/good/0074.png,reference_fit,PROVISIONAL_NO_DATA
tile,16,3,PROVISIONAL/tile/train/good/0017.png,reference_fit,PROVISIONAL_NO_DATA
tile,16,3,PROVISIONAL/tile/train/good/0189.png,reference_fit,PROVISIONAL_NO_DATA
tile,16,3,PROVISIONAL/tile/train/good/0041.png,reference_fit,PROVISIONAL_NO_DATA
tile,16,3,PROVISIONAL/tile/train/good/0216.png,reference_fit,PROVISIONAL_NO_DATA
tile,16,3,PROVISIONAL/tile/train/good/0054.png,reference_fit,PROVISIONAL_NO_DATA
tile,16,3,PROVISIONAL/tile/train/good/0130.png,reference_fit,PROVISIONAL_NO_DATA
tile,16,3,PROVISIONAL/tile/train/good/0150.png,reference_fit,PROVISIONAL_NO_DATA
tile,16,3,PROVISIONAL/tile/train/good/0126.png,reference_fit,PROVISIONAL_NO_DATA
tile,16,3,PROVISIONAL/tile/train/good/0162.png,reference_fit,PROVISIONAL_NO_DATA
tile,16,3,PROVISIONAL/tile/train/good/0119.png,reference_fit,PROVISIONAL_NO_DATA
tile,16,3,PROVISIONAL/tile/train/good/0179.png,reference_fit,PROVISIONAL_NO_DATA
tile,16,3,PROVISIONAL/tile/train/good/0097.png,reference_fit,PROVISIONAL_NO_DATA
tile,1,4,PROVISIONAL/tile/train/good/0157.png,reference_fit,PROVISIONAL_NO_DATA
tile,4,4,PROVISIONAL/tile/train/good/0135.png,reference_fit,PROVISIONAL_NO_DATA
tile,4,4,PROVISIONAL/tile/train/good/0017.png,reference_fit,PROVISIONAL_NO_DATA
tile,4,4,PROVISIONAL/tile/train/good/0013.png,reference_fit,PROVISIONAL_NO_DATA
tile,4,4,PROVISIONAL/tile/train/good/0030.png,reference_fit,PROVISIONAL_NO_DATA
tile,16,4,PROVISIONAL/tile/train/good/0215.png,reference_fit,PROVISIONAL_NO_DATA
tile,16,4,PROVISIONAL/tile/train/good/0100.png,reference_fit,PROVISIONAL_NO_DATA
tile,16,4,PROVISIONAL/tile/train/good/0189.png,reference_fit,PROVISIONAL_NO_DATA
tile,16,4,PROVISIONAL/tile/train/good/0099.png,reference_fit,PROVISIONAL_NO_DATA
tile,16,4,PROVISIONAL/tile/train/good/0071.png,reference_fit,PROVISIONAL_NO_DATA
tile,16,4,PROVISIONAL/tile/train/good/0150.png,reference_fit,PROVISIONAL_NO_DATA
tile,16,4,PROVISIONAL/tile/train/good/0140.png,reference_fit,PROVISIONAL_NO_DATA
tile,16,4,PROVISIONAL/tile/train/good/0144.png,reference_fit,PROVISIONAL_NO_DATA
tile,16,4,PROVISIONAL/tile/train/good/0035.png,reference_fit,PROVISIONAL_NO_DATA
tile,16,4,PROVISIONAL/tile/train/good/0205.png,reference_fit,PROVISIONAL_NO_DATA
tile,16,4,PROVISIONAL/tile/train/good/0197.png,reference_fit,PROVISIONAL_NO_DATA
tile,16,4,PROVISIONAL/tile/train/good/0097.png,reference_fit,PROVISIONAL_NO_DATA
tile,16,4,PROVISIONAL/tile/train/good/0118.png,reference_fit,PROVISIONAL_NO_DATA
tile,16,4,PROVISIONAL/tile/train/good/0001.png,reference_fit,PROVISIONAL_NO_DATA
tile,16,4,PROVISIONAL/tile/train/good/0088.png,reference_fit,PROVISIONAL_NO_DATA
tile,16,4,PROVISIONAL/tile/train/good/0138.png,reference_fit,PROVISIONAL_NO_DATA
